-- phpMyAdmin SQL Dump
-- version 5.1.1
-- https://www.phpmyadmin.net/
--
-- Host: 127.0.0.1
-- Waktu pembuatan: 30 Agu 2021 pada 08.57
-- Versi server: 10.4.19-MariaDB
-- Versi PHP: 8.0.7

SET SQL_MODE = "NO_AUTO_VALUE_ON_ZERO";
START TRANSACTION;
SET time_zone = "+00:00";


/*!40101 SET @OLD_CHARACTER_SET_CLIENT=@@CHARACTER_SET_CLIENT */;
/*!40101 SET @OLD_CHARACTER_SET_RESULTS=@@CHARACTER_SET_RESULTS */;
/*!40101 SET @OLD_COLLATION_CONNECTION=@@COLLATION_CONNECTION */;
/*!40101 SET NAMES utf8mb4 */;

--
-- Database: `toko_online`
--

-- --------------------------------------------------------

--
-- Struktur dari tabel `tb_barang`
--

CREATE TABLE `tb_barang` (
  `id_brg` int(11) NOT NULL,
  `nama_brg` varchar(120) NOT NULL,
  `keterangan` varchar(255) NOT NULL,
  `kategori` varchar(60) NOT NULL,
  `harga` int(11) NOT NULL,
  `stok` int(4) NOT NULL,
  `gambar` text NOT NULL
) ENGINE=InnoDB DEFAULT CHARSET=utf8mb4;

--
-- Dumping data untuk tabel `tb_barang`
--

INSERT INTO `tb_barang` (`id_brg`, `nama_brg`, `keterangan`, `kategori`, `harga`, `stok`, `gambar`) VALUES
(1, 'Sepatu', 'Sepatu merk Pakalolo', 'Pakaian Pria', 300000, 9, 'sepatu pakalolo.jpg'),
(2, 'Acer Nitro 5', 'Processor Ryzen 5500H, Ram 8GB', 'elektronik', 13000000, 5, 'acer-nitro-5.jpg'),
(3, 'Poco X3', 'Processor Snapdragon 855, Ram 8 GB', 'elektronik', 3500000, 20, 'poco-x3-pro.jpg'),
(4, 'kamera sony', 'dslr, high zoom', 'elektronik', 20000000, 10, 'kamera-dslr.jpg');

-- --------------------------------------------------------

--
-- Struktur dari tabel `tb_invoice`
--

CREATE TABLE `tb_invoice` (
  `id_invoice` int(11) NOT NULL,
  `nama` varchar(56) NOT NULL,
  `alamat` varchar(200) NOT NULL,
  `tgl_pesan` datetime NOT NULL,
  `batas_bayar` datetime NOT NULL
) ENGINE=InnoDB DEFAULT CHARSET=utf8mb4;

--
-- Dumping data untuk tabel `tb_invoice`
--

INSERT INTO `tb_invoice` (`id_invoice`, `nama`, `alamat`, `tgl_pesan`, `batas_bayar`) VALUES
(1, 'Yunus', 'jasdjas', '2021-08-25 22:09:55', '2021-08-26 22:09:55'),
(2, 'Yeni', 'jamal', '2021-08-25 22:13:02', '2021-08-26 22:13:02'),
(3, 'Terawan', 'Jatimulya', '2021-08-26 20:57:22', '2021-08-27 20:57:22'),
(4, 'Jokowi', 'Sudirman', '2021-08-27 23:03:58', '2021-08-28 23:03:58'),
(5, '', '', '2021-08-29 21:36:54', '2021-08-30 21:36:54');

-- --------------------------------------------------------

--
-- Struktur dari tabel `tb_pesanan`
--

CREATE TABLE `tb_pesanan` (
  `id_pesanan` int(11) NOT NULL,
  `id_invoice` int(11) NOT NULL,
  `id_barang` int(11) NOT NULL,
  `nama_brg` varchar(50) NOT NULL,
  `jumlah` int(4) NOT NULL,
  `harga` int(10) NOT NULL,
  `pilihan` text NOT NULL
) ENGINE=InnoDB DEFAULT CHARSET=utf8mb4;

--
-- Dumping data untuk tabel `tb_pesanan`
--

INSERT INTO `tb_pesanan` (`id_pesanan`, `id_invoice`, `id_barang`, `nama_brg`, `jumlah`, `harga`, `pilihan`) VALUES
(1, 1, 1, 'Sepatu', 1, 300000, ''),
(2, 1, 2, 'Acer Nitro 5', 1, 13000000, ''),
(3, 2, 2, 'Acer Nitro 5', 1, 13000000, ''),
(4, 3, 2, 'Acer Nitro 5', 1, 13000000, ''),
(5, 3, 3, 'Poco X3', 1, 3500000, ''),
(6, 3, 1, 'Sepatu', 1, 300000, ''),
(7, 4, 2, 'Acer Nitro 5', 1, 13000000, ''),
(8, 5, 1, 'Sepatu', 1, 300000, '');

--
-- Trigger `tb_pesanan`
--
DELIMITER $$
CREATE TRIGGER `pesanan_penjualan` AFTER INSERT ON `tb_pesanan` FOR EACH ROW BEGIN 
	UPDATE tb_barang SET stok =  stok-New.jumlah WHERE id_brg = New.id_barang;
END
$$
DELIMITER ;

-- --------------------------------------------------------

--
-- Struktur dari tabel `tb_user`
--

CREATE TABLE `tb_user` (
  `id_user` int(11) NOT NULL,
  `nama` varchar(70) NOT NULL,
  `username` varchar(50) NOT NULL,
  `password` varchar(50) NOT NULL,
  `role_id` tinyint(1) NOT NULL
) ENGINE=InnoDB DEFAULT CHARSET=utf8mb4;

--
-- Dumping data untuk tabel `tb_user`
--

INSERT INTO `tb_user` (`id_user`, `nama`, `username`, `password`, `role_id`) VALUES
(1, 'admin', 'admin', 'admin', 1),
(2, 'user', 'user', 'user', 2),
(3, 'budiman', 'budiman', 'budiman', 2);

--
-- Indexes for dumped tables
--

--
-- Indeks untuk tabel `tb_barang`
--
ALTER TABLE `tb_barang`
  ADD PRIMARY KEY (`id_brg`);

--
-- Indeks untuk tabel `tb_invoice`
--
ALTER TABLE `tb_invoice`
  ADD PRIMARY KEY (`id_invoice`);

--
-- Indeks untuk tabel `tb_pesanan`
--
ALTER TABLE `tb_pesanan`
  ADD PRIMARY KEY (`id_pesanan`);

--
-- Indeks untuk tabel `tb_user`
--
ALTER TABLE `tb_user`
  ADD PRIMARY KEY (`id_user`);

--
-- AUTO_INCREMENT untuk tabel yang dibuang
--

--
-- AUTO_INCREMENT untuk tabel `tb_barang`
--
ALTER TABLE `tb_barang`
  MODIFY `id_brg` int(11) NOT NULL AUTO_INCREMENT, AUTO_INCREMENT=8;

--
-- AUTO_INCREMENT untuk tabel `tb_invoice`
--
ALTER TABLE `tb_invoice`
  MODIFY `id_invoice` int(11) NOT NULL AUTO_INCREMENT, AUTO_INCREMENT=6;

--
-- AUTO_INCREMENT untuk tabel `tb_pesanan`
--
ALTER TABLE `tb_pesanan`
  MODIFY `id_pesanan` int(11) NOT NULL AUTO_INCREMENT, AUTO_INCREMENT=9;

--
-- AUTO_INCREMENT untuk tabel `tb_user`
--
ALTER TABLE `tb_user`
  MODIFY `id_user` int(11) NOT NULL AUTO_INCREMENT, AUTO_INCREMENT=4;
COMMIT;

/*!40101 SET CHARACTER_SET_CLIENT=@OLD_CHARACTER_SET_CLIENT */;
/*!40101 SET CHARACTER_SET_RESULTS=@OLD_CHARACTER_SET_RESULTS */;
/*!40101 SET COLLATION_CONNECTION=@OLD_COLLATION_CONNECTION */;
